Time in seconds,Volts,Current,Power
,,,
0.0,17.8099,0.0315,0.56101185
1.0,15.937,-0.0255,-0.40639349999999996
2.0,0.0035,-0.0188,-6.58e-05
