Time in seconds,Volts,Current,Power
,,,
0.0,0.6856,-7.6054,-5.21426224
1.0,0.2269,-4.1852,-0.9496218799999999
2.0,0.8057,-8.5631,-6.89928967
3.0,0.0552,-2.5167,-0.13892184000000002
4.0,0.7092,-8.867,-6.288476400000001
5.0,0.3639,-4.22,-1.535658
6.0,0.9333,-6.8772,-6.41849076
7.0,0.4467,-9.1938,-4.10687046
8.0,0.0848,-8.7323,-0.74049904
