Time in seconds,Volts,Current,Power
,,,
0.0,17.7927,1.6976,30.20488752
1.0,16.0757,1.5643,25.14721751
2.0,0.0005,-0.0274,-1.3700000000000001e-05
