Time in seconds,Volts,Current,Power
,,,
0.0,17.3973,0.0,0.0
1.0,17.4656,0.0023,0.04017088
2.0,17.4785,0.0015,0.02621775
3.0,17.4849,0.0013,0.02273037
4.0,17.4883,0.0014,0.024483619999999998
5.0,17.4908,0.0012,0.020988959999999997
6.0,17.4927,0.0016,0.02798832
7.0,17.4941,0.0012,0.020992919999999998
8.0,17.4951,0.0013,0.02274363
9.0,17.4959,0.0014,0.024494259999999997
10.0,17.4969,0.0013,0.02274597
11.0,17.498,0.0013,0.0227474
12.0,11.182,-0.2004,-2.2408728
13.0,0.0031,-0.0191,-5.921e-05
