Time in seconds,Volts,Current,Power
,,,
0.0,0.7758,-2.6107,-2.02538106
1.0,0.7673,-6.9295,-5.31700535
2.0,0.9844,-6.4363,-6.3358937200000005
3.0,0.2482,-2.6608,-0.66041056
4.0,0.633,-1.3487,-0.8537271
5.0,0.1117,-8.5369,-0.9535717299999998
6.0,0.6996,-0.509,-0.3560964
7.0,0.4312,-4.3889,-1.8924936799999998
8.0,0.8237,-8.1545,-6.71686165
9.0,0.5125,-8.2867,-4.246933749999999
10.0,0.4799,-0.6244,-0.29964956
11.0,0.0616,-4.1522,-0.25577552
