Time in seconds,Volts,Current,Power
,,,
0.0,0.815,-0.5321,-0.4336615
1.0,0.8408,-5.6596,-4.75859168
2.0,0.7543,-6.1969,-4.67432167
3.0,0.4804,-7.7816,-3.73828064
4.0,0.6094,-4.0401,-2.46203694
5.0,0.5103,-0.9479,-0.48371337
6.0,0.8759,-4.2552,-3.7271296800000004
7.0,0.6611,-1.6018,-1.05894998
8.0,0.9086,-5.1941,-4.719359259999999
9.0,0.963,-2.4856,-2.3936328
10.0,0.9733,-0.1416,-0.13781928000000002
11.0,0.112,-6.7223,-0.7528976
