Time in seconds,Volts,Current,Power
,,,
0.0,0.2684,-5.9517,-1.5974362800000002
1.0,0.6781,-8.4201,-5.70966981
2.0,0.5118,-1.7382,-0.8896107600000001
3.0,0.675,-1.8832,-1.27116
4.0,0.5661,-0.5384,-0.30478824000000004
5.0,0.8164,-1.4189,-1.15838996
6.0,0.2656,0.0393,0.01043808
7.0,0.6594,-4.7249,-3.1155990599999996
8.0,0.4618,-4.9947,-2.30655246
9.0,0.9874,-6.5829,-6.499955460000001
10.0,0.5693,-6.2175,-3.5396227500000004
11.0,0.2973,-2.4337,-0.72353901
