Time in seconds,Volts,Current,Power
,,,
0.0,0.559,-5.1703,-2.8901977000000003
1.0,0.6384,-3.9425,-2.516892
2.0,0.6785,-6.4417,-4.37069345
3.0,0.153,-8.5374,-1.3062221999999999
4.0,0.2952,-0.9602,-0.28345104000000004
5.0,0.8254,-0.7487,-0.61797698
6.0,0.9037,-3.0625,-2.7675812499999997
7.0,0.048,-8.4014,-0.40326720000000005
8.0,0.6109,-6.6414,-4.05723126
9.0,0.6106,-9.4244,-5.754538640000001
10.0,0.159,-3.2318,-0.5138562
11.0,0.8177,-1.2452,-1.01820004
