Time in seconds,Volts,Current,Power
,,,
0.0,0.1586,-8.2761,-1.3125894599999999
1.0,0.8031,-9.1942,-7.3838620200000005
2.0,0.4357,-5.8458,-2.5470150599999997
3.0,0.3722,-4.0609,-1.51146698
4.0,0.3672,-7.9082,-2.90389104
5.0,0.1541,-7.9333,-1.2225215299999999
6.0,0.9566,-0.8927,-0.8539568200000001
7.0,0.8134,-9.1925,-7.477179500000001
8.0,0.6605,-8.5048,-5.617420399999999
9.0,0.1589,-9.2818,-1.4748780200000002
10.0,0.2614,-8.6084,-2.2502357600000003
11.0,0.5645,-3.8507,-2.17372015
